image,source,status
frame_00.jpg,29f76d20-3de5-492b-a189-8011bd0e23b7.mp4,unlabeled
frame_01.jpg,29f76d20-3de5-492b-a189-8011bd0e23b7.mp4,unlabeled
frame_02.jpg,29f76d20-3de5-492b-a189-8011bd0e23b7.mp4,unlabeled
frame_03.jpg,29f76d20-3de5-492b-a189-8011bd0e23b7.mp4,unlabeled
frame_04.jpg,29f76d20-3de5-492b-a189-8011bd0e23b7.mp4,unlabeled
frame_05.jpg,29f76d20-3de5-492b-a189-8011bd0e23b7.mp4,unlabeled
frame_06.jpg,29f76d20-3de5-492b-a189-8011bd0e23b7.mp4,unlabeled
frame_07.jpg,29f76d20-3de5-492b-a189-8011bd0e23b7.mp4,unlabeled
frame_08.jpg,29f76d20-3de5-492b-a189-8011bd0e23b7.mp4,unlabeled
frame_09.jpg,29f76d20-3de5-492b-a189-8011bd0e23b7.mp4,unlabeled
frame_10.jpg,29f76d20-3de5-492b-a189-8011bd0e23b7.mp4,unlabeled
frame_11.jpg,29f76d20-3de5-492b-a189-8011bd0e23b7.mp4,unlabeled
frame_12.jpg,29f76d20-3de5-492b-a189-8011bd0e23b7.mp4,unlabeled
frame_13.jpg,29f76d20-3de5-492b-a189-8011bd0e23b7.mp4,unlabeled
frame_14.jpg,29f76d20-3de5-492b-a189-8011bd0e23b7.mp4,unlabeled
frame_15.jpg,29f76d20-3de5-492b-a189-8011bd0e23b7.mp4,unlabeled
frame_16.jpg,29f76d20-3de5-492b-a189-8011bd0e23b7.mp4,unlabeled
frame_17.jpg,29f76d20-3de5-492b-a189-8011bd0e23b7.mp4,unlabeled
frame_18.jpg,29f76d20-3de5-492b-a189-8011bd0e23b7.mp4,unlabeled
frame_19.jpg,29f76d20-3de5-492b-a189-8011bd0e23b7.mp4,unlabeled
frame_20.jpg,29f76d20-3de5-492b-a189-8011bd0e23b7.mp4,unlabeled
frame_21.jpg,29f76d20-3de5-492b-a189-8011bd0e23b7.mp4,unlabeled
frame_22.jpg,29f76d20-3de5-492b-a189-8011bd0e23b7.mp4,unlabeled
frame_23.jpg,29f76d20-3de5-492b-a189-8011bd0e23b7.mp4,unlabeled
